Date,Change in cases,Recent cases,Total cases,"Total cases  per 100,000",Total hospitalized,Total deaths,New tests,Daily % positive,Total tests,"Total tests  tests per 100,000",At least one dose,At least one dose % of Ontario  population,Completed primary series,Completed primary series % of Ontario  population
"November 1, 2020",948,11869,77655,527,6040,3152,27908,4.0,5144369,527,-,-,-,-
"November 2, 2020",1050,12237,78705,534.2,6070,3166,25279,4,5169648,534.2,-,-,-,-
"November 3, 2020",987,12493,79692,540.9,6126,3182,28567,3.7,5198215,540.9,-,-,-,-
"November 4, 2020",998,12732,80690,547.6,6159,3195,35754,3.3,5233969,547.6,-,-,-,-
"November 5, 2020",1003,12945,81693,554.5,6201,3209,41268,3.7,5275237,554.5,-,-,-,-
"November 6, 2020",1132,13063,82825,562.1,6229,3220,39165,3.5,5314402,562.1,-,-,-,-
"November 7, 2020",1328,13106,84153,571.1,6266,3223,37577,4.2,5351979,571.1,-,-,-,-
"November 8, 2020",1242,13356,85395,579.6,6304,3245,28401,5,5380380,579.6,-,-,-,-
"November 9, 2020",1388,13666,86783,589,6335,3260,29125,5.7,5409505,589,-,-,-,-
"November 10, 2020",1426,13951,88209,598.7,6365,3275,36707,5.1,5446212,598.7,-,-,-,-
"November 11, 2020",1575,14393,89784,609.4,6434,3293,39559,4.3,5485771,609.4,-,-,-,-
"November 12, 2020",1396,14928,91180,618.8,6466,3312,40509,4.5,5526280,618.8,-,-,-,-
"November 13, 2020",1581,15644,92761,629.6,-,3332,44837,4.2,5571117,629.6,-,-,-,-
"November 14, 2020",1248,16193,94009,638,6561,3361,42206,3.8,5613323,638,-,-,-,-
"November 15, 2020",1487,16886,95496,648.1,6619,3371,33351,4.1,5646674,648.1,-,-,-,-
"November 16, 2020",1249,17238,96745,656.6,6669,3383,26468,6.1,5673142,656.6,-,-,-,-
"November 17, 2020",1417,17755,98162,666.2,6741,3415,33440,4.5,5706582,666.2,-,-,-,-
"November 18, 2020",1210,17934,99372,674.4,6803,3443,41838,4.1,5748420,674.4,-,-,-,-
"November 19, 2020",1418,18349,100790,684.1,6847,3451,48173,3.6,5796593,684.1,-,-,-,-
"November 20, 2020",1588,18703,102378,694.8,6891,3472,46671,4.3,5843264,694.8,-,-,-,-
"November 21, 2020",1534,19303,103912,705.3,6942,3486,46389,3.8,5889653,705.3,-,-,-,-
"November 22, 2020",1589,19476,105501,716,6984,3505,37471,4.6,5927124,716,-,-,-,-
"November 23, 2020",1009,19768,106510,722.9,7011,3519,27053,5.8,5954177,722.9,-,-,-,-
"November 24, 2020",1373,19969,107883,732.2,7062,3554,36076,4.7,5990253,732.2,-,-,-,-
"November 25, 2020",1478,20100,109361,742.2,7145,3575,47576,3.9,6037829,742.2,-,-,-,-
"November 26, 2020",1855,20184,111216,754.8,7214,3595,58037,3.7,6095866,754.8,-,-,-,-
"November 27, 2020",1822,19971,113038,767.2,7287,3624,55086,3.4,6150952,767.2,-,-,-,-
"November 28, 2020",1708,20046,114746,778.8,7393,3648,53959,3.7,6204911,778.8,-,-,-,-
"November 29, 2020",1746,20238,116492,790.6,7438,3656,39406,4.6,6244317,790.6,-,-,-,-
"November 30, 2020",1707,20379,118199,802.2,-,3663,34640,5.1,6278957,802.2,-,-,-,-
"December 1, 2020",1723,20785,119922,813.9,5874,3698,44226,4.7,6323183,813.9,-,-,-,-
"December 2, 2020",1824,21212,121746,826.3,7601,3712,52873,4.4,6376056,826.3,-,-,-,-
"December 3, 2020",1780,21447,123526,838.4,7675,3737,56001,3.6,6432057,838.4,-,-,-,-
"December 4, 2020",1859,22031,125385,851,7745,3757,59399,3.4,6491456,851,-,-,-,-
"December 5, 2020",1924,22291,127309,864,7792,3772,59251,3.9,6550707,864,-,-,-,-
"December 6, 2020",1925,22747,129234,877.1,7858,3798,45283,4.0,6595990,877.1,-,-,-,-
"December 7, 2020",1676,22924,130910,888.5,7910,3808,39198,5.0,6635188,888.5,-,-,-,-
"December 8, 2020",1890,23536,132800,901.3,7984,3836,48546,4.4,6683734,901.3,-,-,-,-
"December 9, 2020",1983,24005,134783,914.8,-,3871,61809,3.6,6745543,914.8,-,-,-,-
"December 10, 2020",1848,24433,136631,927.3,8187,3916,63051,3.2,6808594,927.3,-,-,-,-
"December 11, 2020",1873,24844,138504,940,8246,3933,65260,3.2,6873854,940,-,-,-,-
"December 12, 2020",1677,25255,140181,951.4,8323,3949,58190,3.2,6932044,951.4,-,-,-,-
"December 13, 2020",1940,25263,142121,964.6,8378,3972,57091,4.6,6989135,964.6,-,-,-,-
"December 14, 2020",2275,25473,144396,980,8421,3992,39566,5.4,7028701,980,15,0,0,0
"December 15, 2020",2139,25715,146535,994.5,8494,4035,49189,5.1,7077890,994.5,475,0,0,0
"December 16, 2020",2432,26101,148967,1011,8585,4058,58178,4.0,7136068,1011,1200,0,0,0
"December 17, 2020",2290,26640,151257,1026.6,8665,4098,68246,3.9,7204314,1026.6,2245,0,0,0
"December 18, 2020",2357,27056,153614,1042.6,8751,4125,67207,4.2,7271521,1042.6,3346,0,0,0
"December 19, 2020",2316,27625,155930,1058.3,8805,4150,69412,3.6,7340933,1058.3,3400,0,0,0
"December 20, 2020",2123,28088,158053,1072.7,8867,4167,54505,4.7,7395438,1072.7,3467,0,2,0
"December 21, 2020",2202,28583,160255,1087.7,8914,4188,45265,5.0,7440703,1087.7,4285,0,2,0
"December 22, 2020",2408,28772,162663,1104,9006,4229,56660,4.8,7497363,1104,6691,0,2,0
"December 23, 2020",2447,29364,165110,1120.6,9120,4278,64592,3.7,7561955,1120.6,10403,0.1,2,0
"December 24, 2020",2159,29701,167269,1135.3,9189,4321,61465,3.4,7623420,1135.3,12317,0.1,2,0
"December 25, 2020",2142,30403,169411,1149.8,9309,4359,49511,3.8,7672931,1149.8,12334,0.1,2,0
"December 26, 2020",2005,30687,171416,1163.4,9365,4377,41783,5.1,7714714,1163.4,12405,0.1,2,0
"December 27, 2020",1939,30763,173355,1176.6,9455,4414,39565,8.6,7754279,1176.6,12642,0.1,2,0
"December 28, 2020",2553,30990,175908,1193.9,5685,4455,34112,9.7,7788391,1193.9,15075,0.1,2,0
"December 29, 2020",2923,31126,178831,1213.7,9600,4474,39210,8.4,7827601,1213.7,19891,0.1,4,0
"December 30, 2020",3328,31292,182159,1236.3,9707,4530,63858,6.0,7891459,1236.3,25596,0.2,4,0
"December 31, 2020",2476,31806,184635,1253.1,9795,4581,70570,5.3,7962029,1253.1,31705,0.2,4,0
"January 1, 2021",3363,32779,187998,1275.9,9921,4625,61401,6.0,8023430,1275.9,36259,0.2,4,0
"January 2, 2021",2964,33246,190962,1296.1,10021,4650,49803,5.6,8073233,1296.1,41431,0.3,7,0
"January 3, 2021",3270,34305,194232,1318.3,10091,4679,39121,9.7,8112354,1318.3,47295,0.3,7,0
"January 4, 2021",3128,35226,197360,1339.5,10182,4730,35152,9.4,8147506,1339.5,56751,0.4,22,0
"January 5, 2021",3266,35852,200626,1361.7,10308,4767,51045,8.5,8198551,1361.7,68646,0.5,465,0
"January 6, 2021",3519,36866,204145,1385.5,10452,4856,65772,6.1,8264323,1385.5,83229,0.6,1153,0
"January 7, 2021",4249,37935,208394,1414.4,10615,4882,71481,6.2,8335804,1414.4,99643,0.7,2149,0
"January 8, 2021",3443,38737,211837,1437.7,10755,4922,72900,5.3,8408704,1437.7,117157,0.8,3206,0
"January 9, 2021",3945,40308,215782,1464.5,10867,4983,62308,6.2,8471012,1464.5,128009,0.9,3240,0
"January 10, 2021",3338,42415,219120,1487.2,10969,5012,46403,7.7,8517415,1487.2,139124,0.9,3279,0
"January 11, 2021",2903,43959,222023,1506.9,11087,5053,44802,7.8,8562217,1506.9,152428,1,3567,0
"January 12, 2021",2961,45174,224984,1527,11196,5127,50931,6.0,8613148,1527,165246,1.1,5109,0
"January 13, 2021",3326,46167,228310,1549.5,11348,5189,71169,5.1,8684317,1549.5,180511,1.2,7494,0.1
"January 14, 2021",2998,46149,231308,1569.9,11524,5289,76472,4.6,8760789,1569.9,197004,1.3,9482,0.1
"January 15, 2021",3056,46020,234364,1590.6,11661,5340,73875,4.9,8834664,1590.6,211559,1.4,10640,0.1
"January 16, 2021",3422,46613,237786,1613.9,11806,5409,60183,5.2,8894847,1613.9,220671,1.5,11869,0.1
"January 17, 2021",2578,46191,240364,1631.4,11892,5433,40301,6.6,8935148,1631.4,226730,1.5,11933,0.1
"January 18, 2021",1913,46156,242277,1644.3,11970,5479,34531,6.8,8969679,1644.3,235161,1.6,14011,0.1
"January 19, 2021",2655,46013,244932,1662.4,12106,5568,54307,4.9,9023986,1662.4,241547,1.6,17557,0.1
"January 20, 2021",2632,44814,247564,1680.2,12231,5614,70256,4.3,9094242,1680.2,247496,1.7,21629,0.1
"January 21, 2021",2662,44116,250226,1698.3,12416,5701,71750,3.3,9165992,1698.3,251076,1.7,26303,0.2
"January 22, 2021",2359,43213,252585,1714.3,12588,5753,63453,4.5,9229445,1714.3,253560,1.7,30682,0.2
"January 23, 2021",2417,42256,255002,1730.7,12769,5803,48947,4.2,9278392,1730.7,255053,1.7,33215,0.2
"January 24, 2021",1958,40418,256960,1744,12848,5846,35968,5.5,9314360,1744,255958,1.7,37466,0.3
"January 25, 2021",1740,39095,258700,1755.8,12923,5909,30717,5.9,9345077,1755.8,258346,1.8,43935,0.3
"January 26, 2021",1670,37624,260370,1767.1,13073,5958,55191,4.0,9400268,1767.1,260719,1.8,50917,0.3
"January 27, 2021",2093,36370,262463,1781.3,13183,6014,64664,3.3,9464932,1781.3,265230,1.8,58172,0.4
"January 28, 2021",1837,35184,264300,1793.8,13291,6072,69040,3.3,9533972,1793.8,267904,1.8,65263,0.4
"January 29, 2021",2063,34028,266363,1807.8,13367,6145,59594,3.3,9593566,1807.8,270164,1.8,71582,0.5
"January 30, 2021",1848,32654,268211,1820.4,13499,6188,49352,3.7,9642918,1820.4,271452,1.8,73083,0.5
"January 31, 2021",1969,31668,270180,1833.7,13533,6224,30359,5.2,9673277,1833.7,271877,1.8,74442,0.5
"February 1, 2021",745,30245,270925,1838.8,13486,6238,28552,4.6,9701829,1838.8,273098,1.9,76956,0.5
"February 2, 2021",1172,29181,272097,1846.7,13581,6305,52418,3.3,9754247,1846.7,274669,1.9,80736,0.5
"February 3, 2021",1563,28523,273660,1857.3,13695,6393,64467,2.6,9818714,1857.3,276223,1.9,86810,0.6
"February 4, 2021",1670,27416,275330,1868.7,13786,6438,62710,2.5,9881424,1868.7,277564,1.9,92542,0.6
"February 5, 2021",1388,26422,276718,1878.1,13869,6483,62341,2.6,9943765,1878.1,279244,1.9,99810,0.7
"February 6, 2021",1489,25254,278207,1888.2,13966,6505,51658,2.8,9995423,1888.2,280628,1.9,104784,0.7
"February 7, 2021",1265,24275,279472,1896.8,14028,6538,28303,4.4,10023726,1896.8,283159,1.9,109146,0.7
"February 8, 2021",1022,23303,280494,1903.7,14080,6555,30798,3.3,10054524,1903.7,286442,1.9,118812,0.8
"February 9, 2021",1072,22597,281566,1911,14149,6596,52504,2.5,10107028,1911,290710,2,128322,0.9
"February 10, 2021",945,21692,282511,1917.4,14190,6614,68812,2.3,10175840,1917.4,294070,2,139660,0.9
"February 11, 2021",1076,21008,283587,1924.7,14228,6632,62012,2.2,10237852,1924.7,295949,2,153962,1
"February 12, 2021",1300,20271,284887,1933.5,14291,6651,58760,2.3,10296612,1933.5,298144,2,166869,1.1
"February 13, 2021",981,19656,285868,1940.2,14381,6693,48701,2.6,10345313,1940.2,298970,2,178279,1.2
"February 14, 2021",964,18885,286832,1946.7,14430,6706,30355,3.3,10375668,1946.7,299407,2,185328,1.3
"February 15, 2021",904,18165,287736,1952.9,14477,6719,27005,3.6,10402673,1952.9,300363,2,189949,1.3
"February 16, 2021",847,17511,288583,1958.6,14528,6729,33977,3.0,10436650,1958.6,301850,2,198142,1.3
"February 17, 2021",1038,17008,289621,1965.7,14600,6773,56165,2.2,10492815,1965.7,304669,2.1,208403,1.4
"February 18, 2021",1150,16608,290771,1973.5,14668,6820,65372,2.1,10558187,1973.5,310568,2.1,220190,1.5
"February 19, 2021",1228,16169,291999,1981.8,14744,6848,57194,2.2,10615381,1981.8,321363,2.2,231297,1.6
"February 20, 2021",1087,15773,293086,1989.2,14806,6861,48178,2.7,10663559,1989.2,331481,2.2,237929,1.6
"February 21, 2021",1058,15581,294144,1996.4,14851,6872,31163,3.3,10694722,1996.4,339978,2.3,242620,1.6
"February 22, 2021",975,15298,295119,2003,14894,6884,25979,4.2,10720701,2003,350797,2.4,249042,1.7
"February 23, 2021",1054,15213,296173,2010.1,14959,6893,54852,2.4,10775553,2010.1,364042,2.5,253661,1.7
"February 24, 2021",1138,15098,297311,2017.9,15008,6916,66351,2.0,10841904,2017.9,380165,2.6,257640,1.7
"February 25, 2021",1258,15029,298569,2026.4,15066,6944,64049,2.3,10905953,2026.4,401577,2.7,260433,1.8
"February 26, 2021",1185,15023,299754,2034.4,15135,6960,59416,2.1,10965369,2034.4,424792,2.9,263637,1.8
"February 27, 2021",1062,14905,300816,2041.6,15194,6980,49185,2.4,11014554,2041.6,443688,3,264884,1.8
"February 28, 2021",1023,14924,301839,2048.6,15231,6986,35015,3.1,11049569,2048.6,460488,3.1,265846,1.8
"March 1, 2021",966,14864,302805,2055.1,15287,6997,30767,2.9,11080336,2055.1,482376,3.3,267787,1.8
"March 2, 2021",958,14971,303763,2061.6,15324,7014,52613,2.4,11132949,2061.6,509825,3.5,269970,1.8
"March 3, 2021",994,15046,304757,2068.4,15371,7024,65643,2.1,11198592,2068.4,541496,3.7,271840,1.8
"March 4, 2021",1250,15100,306007,2076.9,15430,7046,64748,2.3,11263340,2076.9,578681,3.9,273443,1.9
"March 5, 2021",990,15256,306997,2083.6,15461,7052,57829,2.3,11321169,2083.6,619570,4.2,275395,1.9
"March 6, 2021",1299,15281,308296,2092.4,15530,7067,46586,3.1,11367755,2092.4,650370,4.4,276355,1.9
"March 7, 2021",1631,15309,309927,2103.5,15581,7077,38063,3.4,11405818,2103.5,671976,4.6,277947,1.9
"March 8, 2021",1185,15387,311112,2111.5,15625,7083,33264,3.7,11439082,2111.5,700787,4.8,280891,1.9
"March 9, 2021",1316,15521,312428,2120.5,15678,7099,54149,2.5,11493231,2120.5,733764,5,284589,1.9
"March 10, 2021",1092,15778,313520,2127.9,15747,7109,60619,2.4,11553850,2127.9,773080,5.2,287378,2
"March 11, 2021",1371,16026,314891,2137.2,15812,7127,64611,2.4,11618461,2137.2,817599,5.5,288895,2
"March 12, 2021",1468,16128,316359,2147.1,15860,7138,58431,2.9,11676892,2147.1,871109,5.9,291495,2
"March 13, 2021",1747,16280,318106,2159,15908,7153,47618,3.1,11724510,2159,912289,6.2,292563,2
"March 14, 2021",1268,16500,319374,2167.6,15971,7162,33975,3.8,11758485,2167.6,942676,6.4,294072,2
"March 15, 2021",1074,16994,320448,2174.9,16001,7173,28526,4.5,11787011,2174.9,992994,6.7,296134,2
"March 16, 2021",1508,17292,321956,2185.1,16060,7187,49128,3.5,11836139,2185.1,1050029,7.1,298378,2
"March 17, 2021",1553,17542,323509,2195.7,16125,7202,58560,3.1,11894699,2195.7,1107540,7.5,300629,2
"March 18, 2021",1745,17841,325254,2207.5,16183,7212,56134,3.3,11950833,2207.5,1166999,7.9,303650,2.1
"March 19, 2021",1829,18219,327083,2219.9,16236,7223,52083,3.6,12002916,2219.9,1225371,8.3,306012,2.1
"March 20, 2021",1791,18777,328874,2232.1,16310,7241,49233,3.7,12052149,2232.1,1266734,8.6,307390,2.1
"March 21, 2021",1699,19332,330573,2243.6,16352,7244,31089,5.4,12083238,2243.6,1296029,8.8,308285,2.1
"March 22, 2021",1546,19862,332119,2254.1,16409,7253,32556,5.7,12115794,2254.1,1346443,9.1,310816,2.1
"March 23, 2021",1571,20302,333690,2264.8,16467,7263,51962,3.8,12167756,2264.8,1417996,9.6,313740,2.1
"March 24, 2021",2380,20760,336070,2280.9,16541,7280,60077,3.8,12227833,2280.9,1496554,10.2,316123,2.1
"March 25, 2021",2169,21275,338239,2295.6,16616,7292,53436,3.8,12281269,2295.6,1578240,10.7,319424,2.2
"March 26, 2021",2453,21901,340692,2312.3,16681,7308,61005,4.5,12342274,2312.3,1654450,11.2,322070,2.2
"March 27, 2021",2448,22801,343140,2328.9,16770,7327,50227,4.5,12392501,2328.9,1718623,11.7,323516,2.2
"March 28, 2021",2094,23614,345234,2343.1,16827,7337,39470,6.1,12431971,2343.1,1766830,12,326018,2.2
"March 29, 2021",2336,24557,347570,2359,16911,7351,36071,6.2,12468042,2359,1835666,12.5,329157,2.2
"March 30, 2021",2333,25374,349903,2374.8,17005,7366,52532,4.8,12520574,2374.8,1923675,13.1,332548,2.3
"March 31, 2021",2557,26410,352460,2392.2,17095,7389,62290,4.8,12582864,2392.2,2007642,13.6,336178,2.3
"April 1, 2021",3089,27401,355549,2413.1,17187,7412,62333,4.6,12645197,2413.1,2094935,14.2,340132,2.3
"April 2, 2021",3009,28337,358558,2433.5,17285,7428,59117,5.0,12704314,2433.5,2153382,14.6,341735,2.3
"April 3, 2021",3041,29462,361599,2454.2,17367,7440,46380,6.5,12750694,2454.2,2223087,15.1,343276,2.3
"April 4, 2021",2938,30725,364537,2474.1,17473,7450,36563,7.8,12787257,2474.1,2275771,15.4,343685,2.3
"April 5, 2021",3065,31993,367602,2494.9,17568,7458,37541,8.9,12824798,2494.9,2352600,16,345439,2.3
"April 6, 2021",3215,33236,370817,2516.7,17665,7475,49889,6.7,12874687,2516.7,2456260,16.7,348308,2.4
"April 7, 2021",3295,34613,374112,2539.1,17799,7494,63846,6.0,12938533,2539.1,2565160,17.4,352084,2.4
"April 8, 2021",4227,35824,378339,2567.8,18000,7512,61410,6.3,12999943,2567.8,2669467,18.1,356132,2.4
"April 9, 2021",3813,37469,382152,2593.7,18161,7531,61439,6.5,13061382,2593.7,2773714,18.8,359743,2.4
"April 10, 2021",4456,39049,386608,2623.9,18426,7552,56378,7.7,13117760,2623.9,2868323,19.5,362842,2.5
"April 11, 2021",4401,40757,391009,2653.8,18553,7567,47929,9.5,13165689,2653.8,2942772,20,363903,2.5
"April 12, 2021",3670,42072,394679,2678.7,18677,7582,42167,10.3,13207856,2678.7,3037860,20.6,367081,2.5
"April 13, 2021",4156,44592,398835,2706.9,18868,7610,54211,8.6,13262067,2706.9,3150109,21.4,370470,2.5
"April 14, 2021",4736,46397,403571,2739,19164,7639,65559,8.0,13327626,2739,3258551,22.1,374106,2.5
"April 15, 2021",4812,48187,408383,2771.7,19367,7664,64304,8.2,13391930,2771.7,3371263,22.9,377988,2.6
"April 16, 2021",4362,50067,412745,2801.3,19541,7698,56852,6.9,13448782,2801.3,3478102,23.6,382134,2.6
"April 17, 2021",4250,52130,416995,2830.2,19836,7716,53776,9.2,13502558,2830.2,3563985,24.2,384079,2.6
"April 18, 2021",4447,53878,421442,2860.3,20039,7735,42873,10.5,13545431,2860.3,3631018,24.6,385421,2.6
"April 19, 2021",3469,54556,424911,2883.9,20198,7757,40596,10.0,13586027,2883.9,3728850,25.3,388282,2.6
"April 20, 2021",4212,56184,429123,2912.5,20440,7789,51877,7.9,13637904,2912.5,3865651,26.2,392027,2.7
"April 21, 2021",3682,57411,432805,2937.5,20696,7829,54246,7.8,13692150,2937.5,4000036,27.1,395623,2.7
"April 22, 2021",4505,58120,437310,2968,20917,7863,56206,8.8,13748356,2968,4130924,28,401391,2.7
"April 23, 2021",4094,58671,441404,2995.8,21195,7887,52160,7.8,13800516,2995.8,4256328,28.9,404951,2.7
"April 24, 2021",3947,58880,445351,3022.6,21388,7911,46694,8.7,13847210,3022.6,4354405,29.6,407877,2.8
"April 25, 2021",3510,59457,448861,3046.4,21561,7935,33822,10.9,13881032,3046.4,4423318,30,409326,2.8
"April 26, 2021",3265,59468,452126,3068.6,21732,7964,34000,10.2,13915032,3068.6,4518099,30.7,411909,2.8
"April 27, 2021",3480,58620,455606,3092.2,21929,7988,50194,7.2,13965226,3092.2,4633257,31.4,416056,2.8
"April 28, 2021",3871,58296,459477,3118.5,22131,8029,56939,7.6,14022165,3118.5,4751770,32.3,420773,2.9
"April 29, 2021",3887,57343,463364,3144.9,22381,8050,53074,7.4,14075239,3144.9,4861574,33,425410,2.9
"April 30, 2021",3369,56601,466733,3167.7,22598,8079,46803,7.3,14122042,3167.7,4968299,33.7,428718,2.9
"May 1, 2021",3732,55458,470465,3193.1,22793,8102,45301,8.5,14167343,3193.1,5044001,34.2,431359,2.9
"May 2, 2021",3436,54378,473901,3216.4,22919,8118,33179,9.7,14200522,3216.4,5098798,34.6,432839,2.9
"May 3, 2021",2791,53893,476692,3235.3,23069,8143,33740,9.1,14234262,3235.3,5186789,35.2,435855,3
"May 4, 2021",2941,52867,479633,3255.3,23205,8187,45767,6.6,14280029,3255.3,5319374,36.1,440164,3
"May 5, 2021",3424,51794,483057,3278.5,23397,8213,54118,6.8,14334147,3278.5,5455519,37,444606,3
"May 6, 2021",3166,50735,486223,3300,23571,8236,51338,7.0,14385485,3300,5599929,38,449042,3
"May 7, 2021",2864,49659,489087,3319.4,23760,8261,47817,6.8,14433302,3319.4,5737004,38.9,453156,3.1
"May 8, 2021",3216,48933,492303,3341.3,23914,8308,38540,7.1,14471842,3341.3,5857656,39.8,456422,3.1
"May 9, 2021",2716,47842,495019,3359.7,24038,8327,27175,9.1,14499017,3359.7,5953163,40.4,458149,3.1
"May 10, 2021",2073,46797,497092,3373.8,24155,8342,28109,8.5,14527126,3373.8,6061388,41.1,462346,3.1
"May 11, 2021",2320,45718,499412,3389.5,24294,8374,45681,6.4,14572807,3389.5,6198685,42.1,468837,3.2
"May 12, 2021",2759,44416,502171,3408.2,24486,8405,47638,5.7,14620445,3408.2,6333305,43,475624,3.2
"May 13, 2021",2362,43400,504533,3424.3,24625,8431,44040,6.1,14664485,3424.3,6471344,43.9,485189,3.3
"May 14, 2021",2584,42492,507117,3441.8,24743,8455,42320,6.2,14706805,3441.8,6620340,44.9,494697,3.4
"May 15, 2021",2199,41107,509316,3456.7,24892,8485,33142,6.8,14739947,3456.7,6755869,45.9,502574,3.4
"May 16, 2021",2170,39662,511486,3471.5,24943,8489,24498,7.9,14764445,3471.5,6866353,46.6,506419,3.4
"May 17, 2021",1616,38743,513102,3482.4,25075,8506,22915,7.6,14787360,3482.4,6966237,47.3,516833,3.5
"May 18, 2021",1588,37271,514690,3493.2,25199,8525,38422,5.2,14825782,3493.2,7099085,48.2,532726,3.6
"May 19, 2021",2400,36016,517090,3509.5,25334,8552,45406,5.2,14871188,3509.5,7230003,49.1,552196,3.7
"May 20, 2021",1890,35015,518980,3522.3,25453,8579,37126,5.4,14908314,3522.3,7370184,50,576088,3.9
"May 21, 2021",1794,34057,520774,3534.5,25564,8599,34576,6.0,14942890,3534.5,7541630,51.2,602688,4.1
"May 22, 2021",1691,32906,522465,3546,25963,8614,31227,5.7,14974117,3546,7668504,52,614749,4.2
"May 23, 2021",1446,31350,523911,3555.8,26066,8622,20151,6.4,14994268,3555.8,7761421,52.7,621412,4.2
"May 24, 2021",1039,30266,524950,3562.8,26127,8655,16857,6.2,15011125,3562.8,7843842,53.2,628535,4.3
"May 25, 2021",1095,29147,526045,3570.3,26241,8678,24008,5.3,15035133,3570.3,7956194,54,654744,4.4
"May 26, 2021",1135,28085,527180,3578,26366,8697,37705,3.6,15072838,3578,8078533,54.8,683185,4.6
"May 27, 2021",1273,27028,528453,3586.6,26434,8711,40866,3.4,15113704,3586.6,8210049,55.7,714067,4.8
"May 28, 2021",1057,25475,529510,3593.8,26493,8726,33559,3.6,15147263,3593.8,8326459,56.5,749751,5.1
"May 29, 2021",1033,24085,530543,3600.8,26559,8744,26565,4.2,15173828,3600.8,8444884,57.3,779999,5.3
"May 30, 2021",916,22944,531459,3607,26602,8757,18226,4.3,15192054,3607,8524319,57.9,799052,5.4
"May 31, 2021",699,21554,532158,3611.8,26629,8766,20262,3.6,15212316,3611.8,8614243,58.5,831844,5.6
"June 1, 2021",733,20411,532891,3616.7,26703,8791,31768,2.8,15244084,3616.7,8715765,59.2,874063,5.9
"June 2, 2021",870,19439,533761,3622.6,26765,8801,34277,2.8,15278361,3622.6,8814942,59.8,928246,6.3
"June 3, 2021",914,18491,534675,3628.8,26814,8820,32258,2.8,15310619,3628.8,8929811,60.6,993107,6.7
"June 4, 2021",744,17374,535419,3633.9,26858,8844,27819,3.1,15338438,3633.9,9032513,61.3,1060255,7.2
"June 5, 2021",663,16093,536082,3638.4,26907,8854,22635,2.8,15361073,3638.4,9123820,61.9,1130632,7.7
"June 6, 2021",525,15133,536607,3642,26931,8869,15177,3.6,15376250,3642,9186511,62.3,1186294,8.1
"June 7, 2021",469,13974,537076,3645.1,26967,8887,17579,2.7,15393829,3645.1,9258436,62.8,1274415,8.6
"June 8, 2021",411,12981,537487,3647.9,27029,8920,30456,2.0,15424285,3647.9,9328730,63.3,1383496,9.4
"June 9, 2021",590,12264,538077,3651.9,27074,8931,31423,2.0,15455708,3651.9,9394644,63.8,1500999,10.2
"June 10, 2021",574,11662,538651,3655.8,27106,8935,28949,2.0,15484657,3655.8,9461686,64.2,1636225,11.1
"June 11, 2021",502,11182,539153,3659.2,27151,8950,24099,2.1,15508756,3659.2,9523885,64.6,1771481,12
"June 12, 2021",530,10572,539683,3662.8,27190,8957,20731,2.6,15529487,3662.8,9582358,65,1901401,12.9
"June 13, 2021",447,9861,540130,3665.9,27212,8961,13588,2.8,15543075,3665.9,9620809,65.3,1999316,13.6
"June 14, 2021",296,9333,540426,3667.9,27266,8974,17162,2.3,15560237,3667.9,9663022,65.6,2144543,14.6
"June 15, 2021",384,8706,540810,3670.5,27299,8986,28076,1.5,15588313,3670.5,9705128,65.9,2306507,15.7
"June 16, 2021",370,8355,541180,3673,27327,8993,30454,1.3,15618767,3673,9742712,66.1,2477080,16.8
"June 17, 2021",345,8039,541525,3675.3,27364,8994,26643,1.4,15645410,3675.3,9777717,66.4,2656889,18
"June 18, 2021",355,7603,541880,3677.7,27407,9007,25368,1.4,15670778,3677.7,9812879,66.6,2835432,19.2
"June 19, 2021",318,7109,542198,3679.9,27433,9019,21063,1.7,15691841,3679.9,9848159,66.8,2984721,20.3
"June 20, 2021",270,6615,542468,3681.7,27460,9022,13828,2.5,15705669,3681.7,9868806,67,3083329,20.9
"June 21, 2021",296,6238,542764,3683.7,27575,9082,16784,1.6,15722453,3683.7,9895947,67.2,3258951,22.1
"June 22, 2021",255,5925,543019,3685.5,27614,9093,27364,1.2,15749817,3685.5,9924220,67.4,3458890,23.5
"June 23, 2021",296,5695,543315,3687.5,27645,9099,29514,1.1,15779331,3687.5,9950579,67.5,3657830,24.8
"June 24, 2021",256,5469,543571,3689.2,27643,9101,26561,1.3,15805892,3689.2,9978191,67.7,3878808,26.3
"June 25, 2021",346,5226,543917,3691.6,27701,9114,25626,1.1,15831518,3691.6,10007856,67.9,4108198,27.9
"June 26, 2021",287,4925,544204,3693.5,27729,9126,18524,1.5,15850042,3693.5,10035375,68.1,4283947,29.1
"June 27, 2021",210,4714,544414,3694.9,27752,9129,13071,1.8,15863113,3694.9,10056201,68.3,4461123,30.3
"June 28, 2021",299,4511,544713,3697,27855,9154,28306,1.6,15891419,3697,10080429,68.4,4684983,31.8
"June 29, 2021",184,4317,544897,3698.2,27879,9168,27258,1.0,15918677,3698.2,10104323,68.6,4934456,33.5
"June 30, 2021",284,4173,545181,3700.2,27896,9187,26929,0.9,15945606,3700.2,10129330,68.7,5179180,35.2
"July 1, 2021",200,4004,545381,3701.5,27925,9196,25161,0.9,15970767,3701.5,10140636,68.8,5311475,36
"July 2, 2021",209,3874,545590,3702.9,27943,9205,17080,1.0,15987847,3702.9,10160248,69,5507205,37.4
"July 3, 2021",213,3743,545803,3704.4,27962,9214,18989,1.3,16006836,3704.4,10179316,69.1,5682958,38.6
"July 4, 2021",170,3579,545973,3705.5,27976,9215,12949,1.3,16019785,3705.5,10191620,69.2,5818653,39.5
"July 5, 2021",244,3454,546217,3707.2,28004,9224,15806,0.9,16035591,3707.2,10211296,69.3,6017633,40.8
"July 6, 2021",194,3372,546411,3708.5,28023,9224,26976,0.9,16062567,3708.5,10233975,69.5,6240052,42.4
"July 7, 2021",210,3263,546621,3709.9,28044,9228,25857,0.8,16088424,3709.9,10254968,69.6,6448683,43.8
"July 8, 2021",183,3189,546804,3711.2,28053,9237,26101,0.7,16114525,3711.2,10276202,69.7,6653009,45.2
"July 9, 2021",179,3141,546983,3712.4,28079,9245,23695,0.6,16138220,3712.4,10296450,69.9,6840516,46.4
"July 10, 2021",166,3070,547149,3713.5,-,9251,19651,0.9,16157871,3713.5,10313838,70,6993885,47.5
"July 11, 2021",114,2935,547263,3714.3,28097,9251,15933,0.9,16173804,3714.3,10325145,70.1,7105099,48.2
"July 12, 2021",146,2794,547409,3715.3,28109,9258,17489,0.8,16191293,3715.3,10343857,70.2,7263685,49.3
"July 13, 2021",153,2697,547562,3716.3,28119,9265,29085,0.6,16220378,3716.3,10362851,70.3,7423415,50.4
"July 14, 2021",143,2615,547705,3717.3,28139,9275,31329,0.5,16251707,3717.3,10382123,70.5,7570047,51.4
"July 15, 2021",159,2550,547864,3718.4,28152,9285,28126,0.6,16279833,3718.4,10401712,70.6,7718564,52.4
"July 16, 2021",176,2463,548040,3719.6,28163,9288,21392,0.60,16301225,3719.6,10421635,70.7,7870360,53.4
"July 17, 2021",177,2369,548217,3720.8,28173,9294,14805,1.00,16316030,3720.8,10437334,70.8,7987439,54.2
"July 18, 2021",130,2363,548347,3721.6,28179,9294,11567,1.00,16327597,3721.6,10447588,70.9,8068591,54.8
"July 19, 2021",127,2353,548474,3722.5,28190,9296,13586,0.9,16341183,3722.5,10464259,71,8184533,55.5
"July 20, 2021",135,2287,548609,3723.4,28200,9300,20750,0.8,16361933,3723.4,10480992,71.1,8306872,56.4
"July 21, 2021",185,2248,548794,3724.7,28210,9307,19599,0.9,16381532,3724.7,10498306,71.3,8413995,57.1
"July 22, 2021",192,2245,548986,3726,28211,9308,19757,0.9,16401289,3726,10515013,71.4,8516385,57.8
"July 23, 2021",170,2185,549156,3727.1,28221,9311,19131,0.80,16420420,3727.1,10533100,71.5,8623893,58.5
"July 24, 2021",172,2141,549328,3728.3,28233,9313,13902,1.10,16434322,3728.3,10547726,71.6,8712088,59.1
"July 25, 2021",119,2165,549447,3729.1,28239,9316,11930,1.00,16446252,3729.1,10557475,71.7,8768527,59.5
"July 26, 2021",129,2162,549576,3730,28248,9321,13644,1.0,16459896,3730,10572514,71.8,8844910,60
"July 27, 2021",158,2157,549734,3731.1,28257,9325,20527,0.8,16480423,3731.1,10588659,71.9,8921695,60.6
"July 28, 2021",218,2165,549952,3732.5,28259,9328,19425,1.3,16499848,3732.5,10605064,72,8993646,61
"July 29, 2021",226,2178,550178,3734.1,28273,9339,20993,1.1,16520841,3734.1,10620836,72.1,9060927,61.5
"July 30, 2021",258,2195,550436,3735.8,28283,9345,19112,1.2,16539953,3735.8,10636215,72.2,9128392,62
"July 31, 2021",218,2291,550654,3737.3,28292,9347,14122,1.4,16554075,3737.3,10647319,72.3,9178428,62.3
"August 1, 2021",168,2374,550822,3738.4,28299,9348,11658,1.3,16565733,3738.4,10654514,72.3,9213134,62.5
"August 2, 2021",164,2426,550986,3739.6,28307,9349,11515,1.1,16577248,3739.6,10660202,72.4,9239903,62.7
"August 3, 2021",139,2460,551125,3740.5,28319,9360,17115,1.2,16594363,3740.5,10672306,72.4,9288240,63
"August 4, 2021",213,2478,551338,3741.9,28328,9374,23494,1.2,16617857,3741.9,10684614,72.5,9334565,63.4
"August 5, 2021",340,2489,551678,3744.2,28345,9392,23448,1.4,16641305,3744.2,10696209,72.6,9378040,63.6
"August 6, 2021",378,2532,552056,3746.8,28359,9401,20858,1.8,16662163,3746.8,10708107,72.7,9427685,64
"August 7, 2021",423,2626,552479,3749.7,28363,9407,14963,2.0,16677126,3749.7,10717154,72.7,9466557,64.2
"August 8, 2021",325,2792,552804,3751.9,28372,9407,15805,2.3,16692931,3751.9,10722942,72.8,9491130,64.4
"August 9, 2021",321,3068,553125,3754.1,28391,9409,16479,1.7,16709410,3754.1,10733222,72.8,9529213,64.7
"August 10, 2021",324,3249,553449,3756.3,28406,9412,24772,1.7,16734182,3756.3,10743764,72.9,9566569,64.9
"August 11, 2021",513,3463,553962,3759.7,28417,9412,22896,2.1,16757078,3759.7,10754746,73,9604037,65.2
"August 12, 2021",510,3670,554472,3763.2,28435,9416,23586,2.0,16780664,3763.2,10766272,73.1,9641301,65.4
"August 13, 2021",578,3892,555050,3767.1,28456,9418,23468,2.4,16804132,3767.1,10778212,73.2,9679838,65.7
"August 14, 2021",511,4190,555561,3770.6,28475,9418,19192,2.6,16823324,3770.6,10787865,73.2,9711247,65.9
"August 15, 2021",526,4471,556087,3774.2,28479,9418,15784,2.7,16839108,3774.2,10793933,73.3,9731486,66
"August 16, 2021",348,4775,556435,3776.5,28498,9428,17408,2.6,16856516,3776.5,10804804,73.3,9760385,66.2
"August 17, 2021",485,5085,556920,3779.8,28523,9431,26307,2.5,16882823,3779.8,10816600,73.4,9789775,66.4
"August 18, 2021",531,5380,557451,3783.4,28543,9448,26213,2.4,16909036,3783.4,10832944,73.5,9818604,66.6
"August 19, 2021",650,5668,558101,3787.8,28572,9450,28635,2.4,16937671,3787.8,10849050,73.6,9848053,66.8
"August 20, 2021",689,5947,558790,3792.5,28597,9451,26096,2.7,16963767,3792.5,10864054,73.7,9880189,67.1
"August 21, 2021",722,6346,559512,3797.4,28623,9453,23075,3.2,16986842,3797.4,10874737,73.8,9903245,67.2
"August 22, 2021",639,6706,560151,3801.8,28644,9453,19866,2.8,17006708,3801.8,10881668,73.9,9919127,67.3
"August 23, 2021",486,6972,560637,3805.1,28717,9471,17369,3.0,17024077,3805.1,10894861,73.9,9942664,67.5
"August 24, 2021",660,7346,561297,3809.5,28788,9472,26406,2.4,17050483,3809.5,10909076,74,9968678,67.7
"August 25, 2021",678,7456,561975,3814.1,28820,9472,27815,2.8,17078298,3814.1,10922471,74.1,9993304,67.8
"August 26, 2021",781,7632,562756,3819.4,28861,9489,30063,3.0,17108361,3819.4,10935218,74.2,10016648,68
"August 27, 2021",835,7885,563591,3825.1,28900,9496,28528,2.6,17136889,3825.1,10948475,74.3,10041802,68.2
"August 28, 2021",740,8163,564331,3830.1,28920,9498,22890,3.3,17159779,3830.1,10958567,74.4,10061444,68.3
"August 29, 2021",694,8508,565025,3834.8,28936,9498,18561,3.6,17178340,3834.8,10964626,74.4,10073160,68.4
"August 30, 2021",525,8720,565550,3838.4,28961,9503,19643,3.1,17197983,3838.4,10976430,74.5,10092511,68.5
"August 31, 2021",656,8915,566206,3842.8,29001,9516,27572,2.9,17225555,3842.8,10989214,74.6,10114102,68.6
"September 1, 2021",865,9043,567071,3848.7,29042,9530,27293,3.0,17252848,3848.7,11004702,74.7,10133472,68.8
"September 2, 2021",807,9219,567878,3854.2,29080,9536,28786,3.2,17281634,3854.2,11025622,74.8,10155629,68.9
"September 3, 2021",944,9511,568822,3860.6,29124,9545,26259,3.5,17307893,3860.6,11046081,75,10180099,69.1
"September 4, 2021",811,9670,569633,3866.1,29160,9548,22410,0.0,17330303,3866.1,11060171,75.1,10198427,69.2
"September 5, 2021",581,9833,570214,3870.1,29182,9550,19200,3.6,17349503,3870.1,11069576,75.1,10210297,69.3
"September 6, 2021",564,9977,570778,3873.9,29202,9553,17118,3.4,17366621,3873.9,11076177,75.2,10218198,69.4
"September 7, 2021",554,9948,571332,3877.6,29245,9569,21840,3.3,17388461,3877.6,11093138,75.3,10238886,69.5
"September 8, 2021",798,10084,572130,3883.1,29298,9579,29684,3.1,17418145,3883.1,11109990,75.4,10258301,69.6
"September 9, 2021",848,10094,572978,3888.8,29330,9590,28247,3.1,17446392,3888.8,11125346,75.5,10277058,69.8
"September 10, 2021",857,10137,573835,3894.6,29361,9605,26268,3.5,17472660,3894.6,11141124,75.6,10300152,69.9
"September 11, 2021",784,10191,574619,3899.9,29380,9611,23625,3.2,17496285,3899.9,11152519,75.7,10317794,70
"September 12, 2021",600,10143,575219,3904,29401,9617,19125,3.1,17515410,3904,11158848,75.7,10326830,70.1
"September 13, 2021",577,10227,575796,3907.9,29428,9624,21133,2.3,17536543,3907.9,11170276,75.8,10341916,70.2
"September 14, 2021",593,10224,576389,3912,29470,9629,33220,2.5,17569763,3912,11184149,75.9,10361134,70.3
"September 15, 2021",864,10230,577253,3917.8,29510,9632,34365,2.4,17604128,3917.8,11197976,76,10380174,70.5
"September 16, 2021",795,10144,578048,3923.2,29540,9637,33763,2.4,17637891,3923.2,11211446,76.1,10399274,70.6
"September 17, 2021",821,10168,578869,3928.8,29561,9647,30716,2.5,17668607,3928.8,11225403,76.2,10422519,70.7
"September 18, 2021",715,10117,579584,3933.6,29576,9653,29906,2.3,17698513,3933.6,11236146,76.3,10441313,70.9
"September 19, 2021",610,10080,580194,3937.8,29589,9655,23864,2.7,17722377,3937.8,11242171,76.3,10451393,70.9
"September 20, 2021",574,9988,580768,3941.7,29620,9663,23631,2.4,17746008,3941.7,11253281,76.4,10468210,71
"September 21, 2021",463,9983,581231,3944.8,29662,9670,39092,1.8,17785100,3944.8,11268010,76.5,10490957,71.2
"September 22, 2021",677,9909,581908,3949.4,29691,9677,37630,1.9,17822730,3949.4,11284041,76.6,10516754,71.4
"September 23, 2021",727,9974,582635,3954.4,29727,9688,36855,1.8,17859585,3954.4,11299541,76.7,10543159,71.6
"September 24, 2021",640,7346,583275,3958.7,29768,9698,33303,1.9,17892888,3958.7,11314697,76.8,10572847,71.8
"September 25, 2021",653,7456,583928,3963.1,29768,9704,31063,2.0,17923951,3963.1,11327032,76.9,10597081,71.9
"September 26, 2021",613,9597,584541,3967.3,29798,9704,22633,2.0,17946584,3967.3,11333512,76.9,10609281,72
"September 27, 2021",466,9397,585007,3970.5,29832,9715,23785,2.1,17970369,3970.5,11344710,77,10626948,72.1
"September 28, 2021",495,9302,585502,3973.8,29860,9723,36404,1.7,18006773,3973.8,11357073,77.1,10648476,72.3
"September 29, 2021",647,9171,586149,3978.2,29880,9732,38788,1.7,18045561,3978.2,11368617,77.2,10669631,72.4
"September 30, 2021",668,9137,586817,3982.7,29917,9743,35927,1.8,18081488,3982.7,11378322,77.2,10687823,72.5
"October 1, 2021",704,8908,587521,3987.5,29941,9750,28519,1.8,18110007,3987.5,11389379,77.3,10711229,72.7
"October 2, 2021",580,8787,588101,3991.5,29963,9752,32220,2.0,18142227,3991.5,11397482,77.4,10729405,72.8
"October 3, 2021",511,8608,588612,3994.9,29980,9754,23667,2.0,18165894,3994.9,11402174,77.4,10739150,72.9
"October 4, 2021",429,8455,589041,3997.8,30001,9757,25441,1.8,18191335,3997.8,11410694,77.4,10754818,73
"October 5, 2021",476,8344,589517,4001.1,30032,9771,39460,1.7,18230795,4001.1,11420259,77.5,10773096,73.1
"October 6, 2021",587,8328,590104,4005,30052,9776,37057,1.7,18267852,4005,11429544,77.6,10790013,73.2
"October 7, 2021",573,8131,590677,4008.9,30086,9786,37118,1.8,18304970,4008.9,11440177,77.6,10808650,73.4
"October 8, 2021",654,8146,591331,4013.4,30112,9788,31123,1.8,18336093,4013.4,11450752,77.7,10829441,73.5
"October 9, 2021",535,7978,591886,4017.1,30130,9790,29755,1.8,18365848,4017.1,11458357,77.8,10844359,73.6
"October 10, 2021",458,7992,592324,4020.1,30147,9792,20785,1.9,18386633,4020.1,11462131,77.8,10852123,73.7
"October 11, 2021",390,7907,592714,4022.8,30165,9792,18280,1.9,18404913,4022.8,11463691,77.8,10855249,73.7
"October 12, 2021",306,7784,593020,4024.8,30194,9804,23219,1.7,18428132,4024.8,11472799,77.9,10873181,73.8
"October 13, 2021",417,7694,593437,4027.7,30226,9807,35421,1.5,18463553,4027.7,11481620,77.9,10890758,73.9
"October 14, 2021",496,7569,593933,4031,30269,9809,35905,1.4,18499458,4031,11490375,78,10908757,74
"October 15, 2021",486,7341,594419,4034.3,30295,9814,32626,1.7,18532084,4034.3,11499244,78,10928505,74.2
"October 16, 2021",443,7077,594862,4037.3,30310,9813,27395,1.4,18559479,4037.3,11506421,78.1,10943739,74.3
"October 17, 2021",373,7029,595235,4039.9,30328,9815,20432,1.8,18579911,4039.9,11510139,78.1,10951821,74.3
"October 18, 2021",328,6911,595563,4042.1,30344,9819,20792,1.5,18600703,4042.1,11516643,78.2,10964292,74.4
"October 19, 2021",304,6742,595867,4044.2,30362,9823,31569,1.3,18632272,4044.2,11524112,78.2,10979062,74.5
"October 20, 2021",413,6589,596280,4047,30389,9827,31889,1.6,18664161,4047,11530715,78.3,10991936,74.6
"October 21, 2021",492,6485,596772,4050.3,30422,9839,28906,1.4,18693067,4050.3,11537917,78.3,11006843,74.7
"October 22, 2021",373,6227,597145,4052.8,30445,9845,27302,1.5,18720369,4052.8,11545452,78.4,11023795,74.8
"October 23, 2021",370,6117,597515,4055.3,30453,9846,25328,1.2,18745697,4055.3,11551139,78.4,11036226,74.9
"October 24, 2021",326,5872,597841,4057.6,30468,9846,18397,1.6,18764094,4057.6,11553824,78.4,11042623,74.9
"October 25, 2021",269,5716,598110,4059.4,30486,9852,21827,1.5,18785921,4059.4,11559120,78.5,11053556,75
"October 26, 2021",321,5539,598431,4061.6,30499,9862,30776,1.4,18816697,4061.6,11565113,78.5,11066560,75.1
"October 27, 2021",409,5418,598840,4064.3,30518,9865,31383,1.3,18848080,4064.3,11570847,78.5,11079021,75.2
"October 28, 2021",419,5364,599259,4067.2,30538,9865,29592,1.3,18877672,4067.2,11576499,78.6,11091901,75.3
"October 29, 2021",356,5322,599615,4069.6,30560,9869,26767,1.4,18904439,4069.6,11582465,78.6,11106337,75.4
"October 30, 2021",340,5412,599955,4071.9,30571,9871,25707,1.7,18930146,4071.9,11586990,78.6,11116811,75.4
"October 31, 2021",422,5229,600377,4074.8,30578,9874,19840,1.8,18949986,4074.8,11589027,78.7,11121801,75.5
"November 1, 2021",331,5087,600708,4077,30608,9881,20148,1.5,18970134,4077,11593328,78.7,11129426,75.5
"November 2, 2021",378,5134,601086,4079.6,30640,9886,32950,1.4,19003084,4079.6,11598305,78.7,11138890,75.6
"November 3, 2021",438,5103,601524,4082.6,30659,9891,32129,1.7,19035213,4082.6,11603096,78.8,11148749,75.7
"November 4, 2021",563,5128,602087,4086.4,30685,9896,30187,1.8,19065400,4086.4,11607417,78.8,11158142,75.7
"November 5, 2021",508,5182,602595,4089.8,30699,9896,30145,1.9,19095545,4089.8,11612539,78.8,11170132,75.8
"November 6, 2021",636,5260,603231,4094.1,30718,9898,27146,2.0,19122691,4094.1,11616506,78.8,11178931,75.9
"November 7, 2021",480,5376,603711,4097.4,30730,9900,22980,2.2,19145671,4097.4,11618556,78.9,11183591,75.9
"November 8, 2021",441,5565,604152,4100.4,30756,9903,19368,3.1,19165039,4100.4,11622330,78.9,11191061,76
"November 9, 2021",454,5786,604606,4103.5,30784,9912,33364,1.8,19198403,4103.5,11626750,78.9,11199871,76
"November 10, 2021",642,6034,605248,4107.8,30809,9916,29814,2.1,19228217,4107.8,11630969,78.9,11208808,76.1
"November 11, 2021",598,6133,605846,4111.9,30840,9921,30230,2.5,19258447,4111.9,11635059,79,11216874,76.1
"November 12, 2021",661,6375,606507,4116.4,30867,9927,26456,2.4,19284903,4116.4,11640064,79,11228117,76.2
"November 13, 2021",666,6508,607173,4120.9,30889,9934,24853,2.7,19309756,4120.9,11643901,79,11236604,76.3
"November 14, 2021",552,6794,607725,4124.6,30908,9937,21475,2.2,19331231,4124.6,11646056,79,11241021,76.3
"November 15, 2021",481,7086,608206,4127.9,30944,9938,18965,2.5,19350196,4127.9,11649924,79.1,11248354,76.3
"November 16, 2021",512,7261,608718,4131.4,30969,9950,28931,2.5,19379127,4131.4,11653917,79.1,11256009,76.4
"November 17, 2021",711,7421,609429,4136.2,30997,9955,34347,2,19413474,4136.2,11657716,79.1,11263380,76.4
"November 18, 2021",793,7589,610222,4141.6,31025,9959,30515,2.6,19443989,4141.6,11661522,79.1,11270975,76.5
"November 19, 2021",728,7837,610950,4146.5,31067,9964,30138,2.3,19474127,4146.5,11665843,79.2,11279686,76.6
"November 20, 2021",741,8020,611691,4151.6,31087,9967,29799,2.6,19503926,4151.6,11669223,79.2,11286514,76.6
"November 21, 2021",627,8300,612318,4155.8,31102,9968,19552,3.4,19523478,4155.8,11671134,79.2,11290313,76.6
"November 22, 2021",613,8366,612931,4160,31130,9974,19859,3.1,19543337,4160,11674335,79.2,11296174,76.7
"November 23, 2021",591,8561,613522,4164,31166,9981,30092,2.5,19573429,4164,11678016,79.3,11302816,76.7
"November 24, 2021",748,8668,614270,4169.1,31200,9985,33932,2.6,19607361,4169.1,11681883,79.3,11309225,76.8
"November 25, 2021",927,8827,615197,4175.4,31223,9991,33901,3.0,19641262,4175.4,11693174,79.4,11315676,76.8
"November 26, 2021",854,8987,616051,4181.1,31253,9993,31444,3.0,19672706,4181.1,11715457,79.5,11322573,76.8
"November 27, 2021",964,9139,617015,4187.7,31270,9994,29692,3.2,19702398,4187.7,11743140,79.7,11327762,76.9
"November 28, 2021",788,9431,617803,4193,31288,9997,26016,3.5,19728414,4193,11762032,79.8,11330559,76.9
"November 29, 2021",687,9699,618490,4197.7,31321,10000,21476,3.0,19749890,4197.7,11782667,80,11335536,76.9
"November 30, 2021",780,9987,619270,4203,31360,10005,35364,3.1,19785254,4203,11808857,80.1,11340988,77
"December 1, 2021",959,10211,620229,4209.5,31395,10012,38480,2.9,19823734,4209.5,11835273,80.3,11345874,77
"December 2, 2021",1031,10386,621260,4216.5,31427,10016,39748,2.9,19863482,4216.5,11860270,80.5,11350894,77
"December 3, 2021",1053,10654,622313,4223.6,31449,10024,36268,3.5,19899750,4223.6,11887987,80.7,11356822,77.1
"December 4, 2021",1184,10982,623497,4231.7,31467,10024,31735,3.2,19931485,4231.7,11919872,80.9,11361138,77.1
"December 5, 2021",887,11257,624384,4237.7,31492,10027,25981,3.5,19957466,4237.7,11938967,81,11363782,77.1
"December 6, 2021",928,11734,625312,4244,31512,10036,26136,3.8,19983602,4244,11953751,81.1,11368106,77.2
"December 7, 2021",1009,11964,626321,4250.9,31551,10044,38502,3.3,20022104,4250.9,11972749,81.3,11372653,77.2
"December 8, 2021",1290,12206,627611,4259.6,31575,10054,40242,3.5,20062346,4259.6,11990948,81.4,11376868,77.2
"December 9, 2021",1453,12655,629064,4269.5,31600,10065,39941,4.4,20102287,4269.5,12008488,81.5,11381360,77.2
"December 10, 2021",1607,13056,630671,4280.4,31635,10070,42205,4.6,20144492,4280.4,12028830,81.6,11387021,77.3
"December 11, 2021",1476,13645,632147,4290.4,31670,10078,38477,5.4,20182969,4290.4,12051478,81.8,11391047,77.3
"December 12, 2021",1536,14206,633683,4300.8,31689,10079,38331,5.5,20221300,4300.8,12063039,81.9,11393366,77.3
"December 13, 2021",1429,14820,635112,4310.5,31729,10084,33400,6.6,20254700,4310.5,12072001,81.9,11397089,77.4
"December 14, 2021",1808,15529,636920,4322.8,31761,10093,44726,6.0,20299426,4322.8,12084370,82,11401420,77.4
"December 15, 2021",2421,16251,639341,4339.2,31794,10102,54724,7.0,20354150,4339.2,12096778,82.1,11405535,77.4
"December 16, 2021",3124,17081,642465,4360.4,31831,10107,51636,8.2,20405786,4360.4,12109133,82.2,11409890,77.4
"December 17, 2021",3301,18294,645766,4382.8,31860,10111,54407,8.9,20460193,4382.8,12122634,82.3,11414662,77.5
"December 18, 2021",4177,20298,649943,4411.2,31885,10113,51151,8.7,20511344,4411.2,12140782,82.4,11418483,77.5
"December 19, 2021",3784,22264,653727,4436.9,31905,10113,44123,9.7,20555467,4436.9,12151073,82.5,11421144,77.5
"December 20, 2021",3453,24926,657180,4460.3,31927,10123,49285,9.9,20604752,4460.3,12163987,82.6,11425288,77.5
"December 21, 2021",4383,27729,661563,4490,31983,10133,55381,10.7,20660133,4490,12178351,82.7,11430306,77.6
"December 22, 2021",5790,30557,667353,4529.3,32032,10140,68191,16.0,20728324,4529.3,12189999,82.7,11435227,77.6
"December 23, 2021",9571,33730,676924,4594.3,32083,10146,72639,18.7,20800963,4594.3,12199403,82.8,11439603,77.6
"December 24, 2021",10412,37822,687336,4665,32126,10149,66489,19.2,20867452,4665,12203270,82.8,11442002,77.7
"December 25, 2021",9826,44341,697162,4731.7,32144,10156,56695,21.9,20924147,4731.7,12203646,82.8,11442280,77.7
"December 26, 2021",9418,53614,706580,4795.6,32179,10161,48479,24.5,20972626,4795.6,12205143,82.8,11443326,77.7
"December 27, 2021",8825,62574,715405,4855.5,32201,10168,53311,24.9,21025937,4855.5,12211247,82.9,11447169,77.7
"December 28, 2021",10436,69828,725841,4926.3,32245,10171,59259,26.9,21085196,4926.3,12220612,82.9,11451617,77.7
"December 29, 2021",13807,77623,739648,5020,32308,10179,67301,30.5,21152497,5020,12230738,83,11456813,77.8
"December 30, 2021",16713,85846,756361,5133.4,32408,10194,75093,29.8,21227590,5133.4,12240757,83.1,11462502,77.8
"December 31, 2021",18445,96014,774806,5258.6,32493,10206,69768,34.3,21297358,5258.6,12246124,83.1,11466294,77.8
"January 1, 2022",16714,109529,791520,5372.1,32559,10223,62002,32.4,21359360,5372.1,12247043,83.1,11467186,77.8
"January 2, 2022",13578,122943,805098,5464.2,32622,10229,54346,31.9,21413706,5464.2,12251796,83.2,11471728,77.9
"January 3, 2022",11352,137515,816450,5541.3,32714,10239,49737,30.9,21463443,5541.3,12257755,83.2,11476930,77.9
"January 4, 2022",11582,148416,828032,5619.9,32862,10252,59137,28.1,21522580,5619.9,12265323,83.2,11484103,77.9
"January 5, 2022",13339,157161,841371,5710.4,33044,10272,59241,29.2,21581821,5710.4,12272487,83.3,11490768,78
"January 6, 2022",11899,164211,853270,5791.2,33240,10315,61137,26.6,21642958,5791.2,12280416,83.3,11497627,78
"January 7, 2022",13362,171238,866632,5881.8,33434,10345,55700,30.6,21698658,5881.8,12289002,83.4,11504136,78.1
"January 8, 2022",11959,175928,878591,5963,33622,10366,49442,27.7,21748100,5963,12298821,83.5,11511223,78.1
"January 9, 2022",9706,178160,888297,6028.9,33800,10378,40692,26.7,21788792,6028.9,12303917,83.5,11515648,78.2
"January 10, 2022",7951,179734,896248,6082.9,33927,10399,45451,24.4,21834243,6082.9,12310027,83.5,11522069,78.2
"January 11, 2022",9783,181731,906031,6149.2,34114,10445,56420,20.3,21890663,6149.2,12318173,83.6,11529973,78.3
"January 12, 2022",9909,181135,915940,6216.5,34361,10480,58831,21.4,21949494,6216.5,12327365,83.7,11539085,78.3
"January 13, 2022",10964,180919,926904,6290.9,34636,10522,58031,21.8,22007525,6290.9,12338116,83.7,11549344,78.4
"January 14, 2022",10732,178629,937636,6363.8,34841,10565,56318,24.8,22063843,6363.8,12349106,83.8,11560926,78.5
"January 15, 2022",10450,173059,948086,6434.7,35062,10605,52676,22.7,22116519,6434.7,12358382,83.9,11570537,78.5
"January 16, 2022",8521,166494,956607,6492.5,35216,10628,37059,24.2,22153578,6492.5,12364325,83.9,11577048,78.6
"January 17, 2022",7086,158219,963693,6540.6,35419,10666,31355,24.5,22184933,6540.6,12366295,83.9,11579068,78.6
"January 18, 2022",5744,152858,969437,6579.6,35711,10726,34579,22.0,22219512,6579.6,12371869,84,11585654,78.6
"January 19, 2022",7757,148014,977194,6632.2,36073,10801,42907,15.9,22262419,6632.2,12378183,84,11592560,78.7
"January 20, 2022",7165,143320,984359,6680.9,36406,10865,41538,17.7,22303957,6680.9,12384395,84.1,11600496,78.7
"January 21, 2022",6473,137661,990832,6724.8,36749,10912,36396,15.9,22340353,6724.8,12393085,84.1,11612470,78.8
"January 22, 2022",5833,131721,996665,6764.4,37020,10968,32247,18.2,22372600,6764.4,12400403,84.2,11626371,78.9
"January 23, 2022",4790,125380,1001455,6796.9,37173,11004,20716,18.4,22393316,6796.9,12403587,84.2,11634252,79
"January 24, 2022",3424,118003,1004879,6820.1,37433,11068,20081,18.8,22413397,6820.1,12407331,84.2,11642530,79
"January 25, 2022",5368,112795,1010247,6856.6,37717,11160,33687,14.1,22447084,6856.6,12412217,84.2,11655626,79.1
"January 26, 2022",5852,107728,1016099,6896.3,38026,11230,33560,14.1,22480644,6896.3,12417112,84.3,11668783,79.2
"January 27, 2022",5337,103197,1021436,6932.5,38364,11298,32672,14.4,22513316,6932.5,12421774,84.3,11682337,79.3
"January 28, 2022",4855,98309,1026291,6965.5,38624,11354,29241,13.9,22542557,6965.5,12427302,84.3,11699935,79.4
"January 29, 2022",3960,92811,1030251,6992.3,38814,11412,23638,13.5,22566195,6992.3,12432327,84.4,11720470,79.5
"January 30, 2022",3043,87384,1033294,7013,38954,11444,15008,14.7,22581203,7013,12434509,84.4,11730292,79.6
"January 31, 2022",2622,80828,1035916,7030.8,39125,11504,16380,16.2,22597583,7030.8,12437760,84.4,11739879,79.7
"February 1, 2022",3909,74830,1039825,7057.3,39329,11576,27720,13.4,22625303,7057.3,12441586,84.4,11752203,79.8
"February 2, 2022",4098,70392,1043923,7085.1,39549,11651,28493,13.2,22653796,7085.1,12445185,84.5,11763642,79.8
"February 3, 2022",4047,67222,1047970,7112.6,39720,11711,25118,12.0,22678914,7112.6,12448102,84.5,11774119,79.9
"February 4, 2022",3204,64575,1051174,7134.3,39905,11770,22527,12.1,22701441,7134.3,12451841,84.5,11788473,80
"February 5, 2022",2887,61733,1054061,7153.9,40039,11825,17502,11.8,22718943,7153.9,12455458,84.5,11804552,80.1
"February 6, 2022",2088,57731,1056149,7168.1,40130,11836,12880,14.2,22731823,7168.1,12457142,84.5,11812323,80.2
"February 7, 2022",2092,55366,1058241,7182.3,40247,11878,15788,14.2,22747611,7182.3,12459478,84.6,11819506,80.2
"February 8, 2022",3162,52043,1061403,7203.8,40408,11944,22906,11.9,22770517,7203.8,12462226,84.6,11828341,80.3
"February 9, 2022",3201,50835,1064604,7225.5,40538,11988,22417,11.2,22792934,7225.5,12464975,84.6,11837096,80.3
"February 10, 2022",2907,49045,1067511,7245.2,40680,12040,20936,11.7,22813870,7245.2,12467673,84.6,11847310,80.4
"February 11, 2022",2944,47190,1070455,7265.2,40768,12075,18985,11.2,22832855,7265.2,12470616,84.6,11858684,80.5
"February 12, 2022",2265,44342,1072720,7280.6,40855,12093,13998,11.8,22846853,7280.6,12473398,84.7,11871758,80.6
"February 13, 2022",1765,42322,1074485,7292.5,40921,12101,9962,13.0,22856815,7292.5,12474563,84.7,11877827,80.6
"February 14, 2022",1593,40716,1076078,7303.4,41006,12120,12961,11.9,22869776,7303.4,12475929,84.7,11882486,80.6
"February 15, 2022",2532,39412,1078610,7320.5,41155,12167,19839,10.2,22889615,7320.5,12477669,84.7,11890139,80.7
"February 16, 2022",2327,38235,1080937,7336.3,41241,12204,18462,11,22908077,7336.3,12479315,84.7,11897592,80.7
"February 17, 2022",2337,37274,1083274,7352.2,41335,12237,17758,10.8,22925835,7352.2,12480635,84.7,11904116,80.8
"February 18, 2022",2244,35734,1085518,7367.4,41412,12247,14174,11.8,22940009,7367.4,12482489,84.7,11912376,80.8
"February 19, 2022",1966,33982,1087484,7380.8,41454,12264,16752,9.1,22956761,7380.8,12483982,84.7,11920298,80.9
"February 20, 2022",1335,33038,1088819,7389.8,41498,12279,8924,11.7,22965685,7389.8,12484887,84.7,11923942,80.9
"February 21, 2022",1282,31824,1090101,7398.5,41535,12288,15365,6.9,22981050,7398.5,12485297,84.7,11925423,80.9
"February 22, 2022",1425,31227,1091526,7408.2,41586,12306,15692,10.8,22996742,7408.2,12486605,84.7,11930152,81
"February 23, 2022",2404,30526,1093930,7424.5,41673,12347,21449,9.7,23018191,7424.5,12487965,84.8,11935308,81
"February 24, 2022",2427,29145,1096357,7441,41734,12386,21550,9.8,23039741,7441,12489330,84.8,11940387,81
"February 25, 2022",2338,27740,1098695,7456.9,41806,12420,16052,10.7,23055793,7456.9,12490696,84.8,11946231,81.1
"February 26, 2022",2001,27306,1100696,7470.4,41953,12430,15434,9.1,23071227,7470.4,12492047,84.8,11953542,81.1
"February 27, 2022",1315,26778,1102011,7479.4,41982,12433,12116,8.9,23083343,7479.4,12492626,84.8,11956025,81.1
"February 28, 2022",1176,26090,1103187,7487.3,42031,12451,13087,10.3,23096430,7487.3,12493549,84.8,11959119,81.2
"March 1, 2022",1959,25899,1105146,7500.6,42063,12478,18094,11.8,23114524,7500.6,12494661,84.8,11962621,81.2
"March 2, 2022",2262,25751,1107408,7516,42132,12497,16606,10.2,23131130,7516,12495695,84.8,11965781,81.2
"March 3, 2022",2085,25149,1109493,7530.1,42164,12525,15925,10.7,23147055,7530.1,12496651,84.8,11969164,81.2
"March 4, 2022",1930,24937,1111423,7543.2,42192,12549,14264,10.8,23161319,7543.2,12497887,84.8,11974077,81.3
"March 5, 2022",1787,24666,1113210,7555.4,42233,12570,12119,10.2,23173438,7555.4,12498935,84.8,11979555,81.3
"March 6, 2022",1074,24111,1114284,7562.7,42263,12574,9447,11.8,23182885,7562.7,12499373,84.8,11981376,81.3
"March 7, 2022",1208,23931,1115492,7570.9,42335,12591,11128,11.2,23194013,7570.9,12500045,84.8,11983263,81.3
"March 8, 2022",1947,23764,1117439,7584.1,42426,12618,17571,10.9,23211584,7584.1,12500940,84.8,11985958,81.3
"March 9, 2022",2125,23549,1119564,7598.5,42494,12638,14695,11.2,23226279,7598.5,12501953,84.9,11989145,81.4
"March 10, 2022",2130,23724,1121694,7613,42561,12227,14571,11.7,23240850,7613,12502830,84.9,11992502,81.4
"March 11, 2022",2015,24041,1123709,7626.6,42652,12247,13005,12.1,23253855,7626.6,12503875,84.9,11996625,81.4
"March 12, 2022",1631,23258,1125340,7637.7,42707,12256,11874,11.7,23265729,7637.7,12504949,84.9,12001573,81.5
"March 13, 2022",1116,23134,1126456,7645.3,42727,12256,7565,12.1,23273294,7645.3,12505384,84.9,12003776,81.5
"March 14, 2022",1076,22836,1127532,7652.6,42788,12272,9698,13.0,23282992,7652.6,12506163,84.9,12006335,81.5
"March 15, 2022",2011,22622,1129543,7666.2,42879,12288,15702,12.0,23298694,7666.2,12507069,84.9,12009933,81.5
"March 16, 2022",2398,22424,1131941,7682.5,42948,12307,14648,12.3,23313342,7682.5,12508094,84.9,12013828,81.5
"March 17, 2022",2502,22394,1134443,7699.5,42988,12313,14198,12.9,23327540,7699.5,12508982,84.9,12016909,81.6
"March 18, 2022",2078,22432,1136521,7713.6,43037,12329,12180,13.3,23339720,7713.6,12509974,84.9,12021024,81.6
"March 19, 2022",1680,22432,1138201,7725,43092,12332,10967,12.0,23350687,7725,12510955,84.9,12024942,81.6
"March 20, 2022",1217,22594,1139418,7733.2,43117,12336,8644,13.4,23359331,7733.2,12511357,84.9,12026511,81.6
"March 21, 2022",1447,22648,1140865,7743.1,43185,12343,10433,12.2,23369764,7743.1,12511896,84.9,12028026,81.6
"March 22, 2022",2149,22605,1143014,7757.7,43252,12356,18267,13.3,23388031,7757.7,12512659,84.9,12030247,81.6
"March 23, 2022",2561,22955,1145575,7775,43303,12366,15515,13.4,23403546,7775,12513370,84.9,12032584,81.7
"March 24, 2022",2761,22988,1148336,7793.8,43336,12388,17654,12.6,23421200,7793.8,12514138,84.9,12034687,81.7
"March 25, 2022",2754,23317,1151090,7812.5,43399,12397,17341,13.5,23438541,7812.5,12515050,84.9,12037445,81.7
"March 26, 2022",2215,24132,1153305,7827.5,43434,12401,16066,12.2,23454607,7827.5,12515951,84.9,12040938,81.7
"March 27, 2022",1741,24545,1155046,7839.3,43470,12405,6243,17.9,23460850,7839.3,12516273,84.9,12042021,81.7
"March 28, 2022",1610,25278,1156656,7850.2,43546,12414,12302,14.4,23473152,7850.2,12516762,85,12043182,81.7
"March 29, 2022",2814,25640,1159470,7869.3,43619,12427,17309,15.1,23490461,7869.3,12517503,85,12044961,81.7
"March 30, 2022",3139,26321,1162609,7890.6,43685,12433,18318,16.0,23508779,7890.6,12518183,85,12046825,81.8
"March 31, 2022",3519,26868,1166128,7914.5,43751,12451,17468,16.4,23526247,7914.5,12518998,85,12048674,81.8
"April 1, 2022",3233,27526,1169361,7936.5,43818,12460,16001,17.1,23542248,7936.5,12519869,85,12050823,81.8
"April 2, 2022",3077,28748,1172438,7957.4,43884,12470,14095,16.7,23556343,7957.4,12520718,85,12053335,81.8
"April 3, 2022",2248,29674,1174686,7972.6,43922,12470,11195,19.0,23567538,7972.6,12521110,85,12054312,81.8
"April 4, 2022",1991,30976,1176677,7986.1,44016,12479,14474,18.0,23582012,7986.1,12521683,85,12055293,81.8
"April 5, 2022",3444,32280,1180121,8009.5,44133,12511,21553,18.0,23603565,8009.5,12522388,85,12056723,81.8
"April 6, 2022",4224,32962,1184345,8038.2,44252,12527,21347,17.2,23624912,8038.2,12523132,85,12058349,81.8
"April 7, 2022",4295,34053,1188640,8067.3,44418,12537,17565,19.0,23642477,8067.3,12523929,85,12059869,81.9
"April 8, 2022",3797,35454,1192437,8093.1,44529,12548,18678,18.4,23661155,8093.1,12524895,85,12061759,81.9
"April 9, 2022",3481,36713,1195918,8116.7,44600,12563,16816,17.6,23677971,8116.7,12525888,85,12064057,81.9
"April 10, 2022",2401,37804,1198319,8133,44647,12566,12149,17.6,23690120,8133,12526296,85,12064894,81.9
"April 11, 2022",2300,38969,1200619,8148.6,44738,12570,14183,18.7,23704303,8148.6,-,-,-,-
"April 12, 2022",3833,40291,1204452,8174.6,44870,12583,23618,17.5,23727921,8174.6,-,-,-,-
"April 13, 2022",4589,40699,1209041,8205.8,44970,12606,23046,18.1,23750967,8205.8,-,-,-,-
"April 14, 2022",4332,41585,1213373,8235.2,45078,12619,20538,18.8,23771505,8235.2,-,-,-,-
"April 15, 2022",4201,43109,1217574,8263.7,45158,12629,19282,18.5,23790787,8263.7,-,-,-,-
"April 16, 2022",2450,44068,1220024,8280.3,45215,12630,10451,19.5,23801238,8280.3,-,-,-,-
"April 17, 2022",2219,45174,1222243,8295.4,45266,12632,10060,18.7,23811298,8295.4,-,-,-,-
"April 18, 2022",1218,45544,1223461,8303.7,45338,12633,15322,17.9,23826620,8303.7,-,-,-,-
